brand,vineyard,year,value,average_rating,price
Juan Gil,Jumilla Blue Label,2022,Amazing Value!,4.5,29.9
Luis Cañas,Reserva Selección de la Familia,2019,Amazing Value!,4.5,26.49
Tenuta Ulisse,Limited Edition 10 Vendemmie,Unknown Year,Amazing Value!,4.5,29.95
Viña Cobos,Bramare Los Arbolitos Vineyard Chardonnay,2018,Great Value,4.4,29.95
Domaine Comelade,Le Barral Rivesaltes Ambré,1990,No Score,4.4,22.5
Lone Palm Vineyards,Hillside Shiraz,2022,Amazing Value!,4.4,16.99
Caballo Loco,Grand Cru Apalta,2021,Good Value,4.4,26.99
Château Galeteau,Saint-Émilion,2022,Amazing Value!,4.4,18.5
Lou Miranda,Fierce III Sagrantino,2020,No Score,4.4,26.95
Casa La Rad,Alma,2020,Great Value,4.4,29.99
Château de Gourdon,Terrasse à l'Ombre Côtes du Rhône,2022,Amazing Value!,4.4,29.4
Varvaglione,Papale Linea Oro Primitivo di Manduria,2020,Great Value,4.4,25.75
Lou Miranda,Fierce III SGM,2019,Amazing Value!,4.4,26.95
La Rioja Alta,Viña Ardanza Reserva,2017,Great Value,4.4,27.75
San Marzano,60 Sessantanni Old Vines Primitivo di Manduria,2019,Great Value,4.4,26.95
Winbirri Vineyards,Bacchus,2023,Amazing Value!,4.4,17.49
Depasso,Leggermente Appassito Nero d'Avola,2023,Great Value,4.3,12.95
Varvaglione,Papale Linea Oro Primitivo di Manduria,2019,Good Value,4.3,28.83
Meerlust,Rubicon,2018,Good Value,4.3,29.95
Domaine de Lispaul,Pouilly-Fumé,2023,Great Value,4.3,19.99
Cantina Diomede,Canace Nero di Troia,2021,Good Value,4.3,21.95
Caballo Loco,Grand Cru Maipo,2020,Good Value,4.3,27.4
Montresor,Amarone della Valpolicella,2021,Good Value,4.3,29.99
Citizen Wine,Let it Bee Organic Red Blend,2023,Amazing Value!,4.3,10.99
Grangehurst,Cabernet Sauvignon - Merlot,2009,Good Value,4.3,25.99
Tenute Ca' Botta,Tenuta Costa Rossa Valpolicella Ripasso Superiore,2017,Great Value,4.3,24.45
Caballo Loco,Grand Cru Apalta,2022,Good Value,4.3,27.45
El Enemigo,Cabernet Franc,2019,Great Value,4.3,22.99
Tinazzi,Ca' de' Rocchi Valpolicella Ripasso Superiore Monterè,2021,Great Value,4.3,19.99
Château Barrabaque,Cuvée Hugo Canon-Fronsac,2019,Amazing Value!,4.3,16.5
Lou Miranda,Fierce III Shiraz,2019,Great Value,4.3,24.99
HPF1855 - Hermanuspietersfontein,Swartskaap,2019,Great Value,4.3,28.55
Masseria Borgo dei Trulli,Mirea Primitivo di Manduria,2022,Fair Value,4.3,23.95
Guerrieri,Guerriero del Mare,2022,Great Value,4.3,29.5
Domaine de Puy Redon,Chardonnay,2017,Great Value,4.3,29.99
Spioenkop,Sarah Raal,2020,Great Value,4.3,24.99
Domaine Hippolyte Reverdy,Sancerre Rosé,2022,Amazing Value!,4.3,24.99
Natte Valleij,Axle Chenin Blanc,2023,Great Value,4.3,24.99
Winshaw Vineyards,Charles Winshaw,2019,Great Value,4.3,29.99
Terre Paisible - Vigne d'Or,Les Dames de 87 Old Vine Sauvignon Blanc,2023,Great Value,4.3,29.99
Raats,Old Vine Chenin Blanc,2023,Amazing Value!,4.3,23.49
San Marzano,Cinquanta Collezione,Unknown Year,Amazing Value!,4.3,21.55
San Marzano,62 Anniversario Primitivo di Manduria Riserva,2019,Fair Value,4.3,24.95
Boutinot,Edalise Côtes de Provence,2023,Good Value,4.2,16.61
Palacio de Otoño,Rioja Reserva,2018,Great Value,4.2,16.25
Muratie,Ansela van de Caab,2020,Good Value,4.2,24.5
Poggio Marù,Primitivo di Manduria,2022,Good Value,4.2,16.95
Masca del Tacco,Susumaniello,2023,Great Value,4.2,16.5
Vignobles Fontan,Sauvignon - Gros Manseng,2023,Great Value,4.2,12.95
Cristian Boffa,Barolo La Morra,2019,Great Value,4.2,29.0
Navajas,Rioja Reserva,2017,Great Value,4.2,14.7
Paololeo,Passo del Cardinale Primitivo di Manduria,2022,Great Value,4.2,13.99
Gayda,Chemin de Moscou,2021,Great Value,4.2,26.1
VALENCISO,Rioja Reserva,2015,Good Value,4.2,24.99
Citizen Wine,Let It Bee Organic Verdejo,2023,Amazing Value!,4.2,12.49
The Beefsteak Club,The Beast Dark Red,2021,Amazing Value!,4.2,10.99
Emiliana,Coyam,2021,No Score,4.2,20.99
VALENCISO,Rioja Blanco,2021,Great Value,4.2,21.99
Agro de Bazán,Granbazán Don Álvaro de Bazán Albariño,2020,Great Value,4.2,29.99
Durigutti Family Winemakers,Durigutti Proyecto Las Compuertas Malbec 5 Suelos,2022,Good Value,4.2,24.26
Château Mille Roses,Haut-Médoc,2016,Amazing Value!,4.2,24.99
El Enemigo,Semillón,2021,Great Value,4.2,21.95
Villa Degli Olmi,Corte dei Rovi Moscato Spumante,Unknown Year,Amazing Value!,4.2,10.99
Château Calvimont,Graves Blanc,2023,Amazing Value!,4.2,19.99
Cartuxa,Évora Colheita Tinto,2020,Good Value,4.2,29.99
La Croix Saint Christophe,Saint-Émilion Grand Cru,2020,Great Value,4.2,26.99
SpaceNine,A23 Syrah,Unknown Year,Amazing Value!,4.2,13.99
Domaine de la Croisée,Magma Pouilly-Fumé,2023,Great Value,4.2,24.99
Morgenster Estate,Lourens River Valley,2016,Good Value,4.2,25.35
Château Arnaud,Saint-Estèphe,2017,Amazing Value!,4.2,24.99
Château du Moulin,Haut-Médoc,2015,Amazing Value!,4.2,27.99
SpaceNine,A23 Chardonnay,Unknown Year,Amazing Value!,4.2,12.5
Planeta,Chardonnay,2023,Great Value,4.2,26.95
Château Calvimont,Graves,2020,Amazing Value!,4.2,16.99
Nicola Bergaglio,Minaia Gavi del Comune di Gavi Rovereto,2023,Great Value,4.2,15.99
Château Lys de Maisonneuve,Montagne-Saint-Émilion,2020,Great Value,4.2,19.99
El Enemigo,Malbec,2020,Great Value,4.2,21.75
Tenute Ca' Botta,Alta Valpolicella Superiore,2019,Great Value,4.2,15.85
Dornier,Donatus Red,2018,Great Value,4.2,19.99
Niepoort,Douro Redoma Branco,2023,Good Value,4.2,25.99
Villa Degli Olmi,Corte dei Rovi Prosecco Rosé Extra Dry,Unknown Year,Amazing Value!,4.2,19.45
Roquette & Cazes,Douro,2021,Good Value,4.2,21.95
Villa Degli Olmi,Corte dei Rovi Prosecco,Unknown Year,Amazing Value!,4.2,12.75
Tenute Ca' Botta,Le Pergolette Garganega Bianco Veronese,2022,Great Value,4.2,19.99
Château Moulin de la Rose,Saint-Julien,2013,Great Value,4.2,29.99
Château Les Vimieres,Haut-Médoc,2021,Amazing Value!,4.2,28.5
Tenuta Ulisse,Pinot Grigio,2023,Great Value,4.2,19.95
Nativ,Suadens Campania Rosso,2021,Great Value,4.2,23.9
Palais Constance,Rosé,2023,Great Value,4.2,25.0
Au Bon Climat,Wild Boy Chardonnay,2022,Amazing Value!,4.2,25.95
Arzuaga,Ribera del Duero Crianza,2021,Good Value,4.2,28.99
Tinto Pesquera,Crianza,2020,Good Value,4.2,30.0
Poppies,Pinot Gris,2022,Good Value,4.2,29.0
Swerwer,Cinsault - Grenache - Tinta Barocca,2021,Good Value,4.2,24.99
Naudé,Old Vines Langpad,2022,No Score,4.2,24.0
Uva Mira Mountain Vineyards,The Mira Chardonnay,2022,Good Value,4.2,29.99
Stony Brook,Ghost Gum,2021,Good Value,4.2,29.99
Swerwer,Tiernes Chenin Blanc,2022,Good Value,4.2,29.99
Mullineux,Old Vines White,2023,No Score,4.2,29.5
Ktima Gerovassiliou (Κτήμα Γεροβασιλείου),Malagousia Single Vineyard,2023,Amazing Value!,4.2,22.45
Cà dei Frati,I Frati Lugana,2023,Great Value,4.2,19.95
Graceland,Strawberry Fields,2017,Good Value,4.2,29.64
Aubert et Mathieu,Eugénie Minervois,2023,Amazing Value!,4.2,16.2
Kim Crawford,Spitfire Sauvignon Blanc (Small Parcels),2022,Great Value,4.2,21.5
Ktima Gerovassiliou (Κτήμα Γεροβασιλείου),Viognier,2023,No Score,4.2,25.95
Ktima Gerovassiliou (Κτήμα Γεροβασιλείου),Avaton,2021,Great Value,4.2,27.5
Bedoba,Saperavi,2021,Amazing Value!,4.2,15.75
Le Jade,Picpoul de Pinet,2023,Amazing Value!,4.5,12.7
Barsento,Ladislao,2021,Amazing Value!,4.4,27.0
Domaine Comelade,Le Barral Rivesaltes Ambré,1992,No Score,4.4,28.99
Citizen Wine,Cluster Flock Sauvignon Blanc,2023,Amazing Value!,4.4,13.99
Brothers at War,Pendee Farm Shiraz,2022,Amazing Value!,4.4,15.99
Tenuta Ulisse,Masseri Primitivo,2022,Amazing Value!,4.4,24.0
Ceretto,Moscato d'Asti,2022,Great Value,4.4,17.99
Domaine La Berangeraie,La Gorgée de Mathis Bacchus Cahors,2015,Amazing Value!,4.4,29.99
Riglos,Gran Corte,2019,Great Value,4.4,29.99
Château Bessan,Cuvée Excellence,2016,Amazing Value!,4.4,30.0
Péter Pince,Tokaji Aszú,2013,Amazing Value!,4.4,29.35
Château La Sauvageonne,La Villa Rosé,2020,Amazing Value!,4.4,23.91
Diemersdal,Winter Ferment Sauvignon Blanc,2023,Amazing Value!,4.3,25.0
Elena Walch,Cabernet Istrice,2022,Great Value,4.3,29.5
Feudi Salentini,Appassimento,2022,Good Value,4.3,20.83
Tercic,Scemen,2022,Great Value,4.3,28.5
Roberto Sarotto,Elena La Luna Barbera d'Alba,2022,Great Value,4.3,28.0
Cà dei Frati,Brolettino Lugana,2023,Great Value,4.3,26.84
Adamo,Baglio Catarratto Bianco,2023,Amazing Value!,4.3,17.0
Fabrizio Pratesi,Carmione,2021,Great Value,4.3,27.67
Domini Veneti,La Casetta Valpolicella Ripasso Classico Superiore,2019,Amazing Value!,4.3,19.17
Guerrieri,Guerriero della Terra,2021,Great Value,4.3,29.83
Vallone,Tenuta Serranova Appassimento,2021,Great Value,4.3,13.49
La Colombaia,Amarone della Valpolicella,2020,Good Value,4.3,29.29
Zorgvliet,Richelle,2019,Good Value,4.3,25.95
Domaine du Pré Semelé (Julien & Clément Raimbault),Sancerre Rouge,2022,Amazing Value!,4.3,30.0
Chaland Jean-Marie,Domaine Sainte Barbe Vieilles Vignes Viré-Clessé Chazelles,2022,Great Value,4.3,26.95
W. & J. Graham's,Late Bottled Vintage Port,2019,Amazing Value!,4.3,15.98
Vergelegen,Semillon Straw,2021,No Score,4.3,16.95
Boschendal,Vin d’Or Noble Late Harvest,2023,No Score,4.3,19.9
Beyerskloof,Kriekbult Pinotage,2021,Great Value,4.3,26.95
Iona,Wild Ferment Monopole Sauvignon Blanc,2022,Great Value,4.3,22.95
Springfontein Wine Estate,Daredevils' Drums Blushes Inverse Natural Blanc de Pinotage,2021,No Score,4.3,28.95
Lanzerac,Aliquid Novi Pinotage,2021,Amazing Value!,4.3,14.49
Larry Cherubino,Uovo Cabernet - Nebbiolo,2021,Amazing Value!,4.3,22.65
Vuurberg,White,2020,No Score,4.3,22.99
Casa Silva,Los Lingues Single Block S38 Cabernet Sauvignon,2020,Great Value,4.3,29.99
Juan Gil,Jumilla Blue Label,2021,Great Value,4.3,29.9
Casa Silva,S7 Single Block Los Lingues Carmenere,2022,Great Value,4.3,29.99
Brunilde di Menzione,Primitivo di Manduria Riserva,2020,Great Value,4.3,18.99
David Nieuwoudt,Ghost Corner Sauvignon Blanc,2021,Great Value,4.3,24.99
Tenute Ca' Botta,Tenuta Costa Rossa Valpolicella Ripasso Superiore,2018,Great Value,4.3,24.45
Vigneron Firmin Dezat,Sancerre Rosé,2023,Amazing Value!,4.3,24.49
Luigi Bosca,De Sangre Uco Valley Malbec,2022,Great Value,4.3,24.99
Salsedine,Rosso,2022,Great Value,4.3,23.9
Azienda Agricola Francesco Iandolo,Derthona Timorasso,2022,Great Value,4.3,24.3
Feudi Bizantini,Il Rabdomante Montepulciano d'Abruzzo,2021,Great Value,4.3,24.0
Azienda Agricola Francesco Iandolo,Nizza DOCG,2019,Great Value,4.3,24.3
Duca di Saragnano,Alchymia Primitivo,2021,Great Value,4.3,20.9
Duca di Saragnano,Alchymia Primitivo,2021,Great Value,4.3,20.9
Paladin,Merlot Drago Rosso,2021,Amazing Value!,4.3,18.9
Paladin,Casa Lupo Valpolicella Ripasso Superiore,2021,Great Value,4.3,23.9
Fantini,Edizione Cinque Autoctoni,Unknown Year,Great Value,4.3,28.4
Barbanera,Gigino 80 Anniversario,2021,Great Value,4.3,23.9
Barbanera,Ngudrà Primitivo del Salento,2021,Fair Value,4.3,24.9
Bertinga,Sassi Chiusi,2018,Great Value,4.3,28.5
Tenuta Ulisse,Amaranta Montepulciano d'Abruzzo,2021,Great Value,4.3,24.0
Casalino,Brunello di Montalcino,2018,Great Value,4.3,27.0
Rijk's,Private Cellar Pinotage,2020,Great Value,4.3,29.86
Rossetti,Tino Rosso,2015,Great Value,4.3,29.93
Môreson,Magia Cabernet Sauvignon,2017,Great Value,4.3,26.99
Winshaw Vineyards,Bill Winshaw,2019,Good Value,4.3,29.99
Da Hanekom Familie Wines,Klipmuur Sauvignon Blanc,2022,Great Value,4.3,20.0
Da Hanekom Familie Wines,Putfontein Pinotage,2019,Great Value,4.3,24.5
Stony Brook,Ghost Gum,2020,Great Value,4.3,30.0
Weingut Hermann Ludes,Klüsserather Bruderschaft Riesling Spätlese,2019,Amazing Value!,4.3,24.95
Falasco Wines,Hermandad Malbec,2021,Great Value,4.3,25.95
Ceretto,Moscato d'Asti,2023,Amazing Value!,4.3,20.95
Gonzalez-Byass,Matusalem Sherry VORS,Unknown Year,No Score,4.3,29.95
Anysbos,Tesame,2020,Great Value,4.3,26.0
Carinus,Rooidraai,2021,Great Value,4.3,27.0
Old Road Wine,Grand Mère Sémillon,2017,Great Value,4.3,27.95
El Garbi,White,2021,Amazing Value!,4.3,19.95
Fairview,La Beryl Blanc,2022,Great Value,4.3,29.99
Casas del Bosque,Riesling Late Harvest,2021,No Score,4.3,23.95
Ramirez de la Piscina,Selección Reserva,2017,Great Value,4.3,24.0
Cantina di Castelnuovo del Garda,Amarone della Valpolicella,2018,Good Value,4.3,29.99
Bedoba,Saperavi,2022,Amazing Value!,4.3,18.5
Beacon Down Vineyard,Bacchus,2022,Great Value,4.3,16.95
Sauska,Cabernet Franc Siklós,2017,Great Value,4.3,23.95
Cascina Morassino,Barbera d'Alba Superiore,2015,Great Value,4.3,30.0
Fairview,La Beryl Blanc,2019,No Score,4.3,24.95
Saronsberg,Shiraz,2019,Great Value,4.3,29.7
Suavia,Acinatium,2008,No Score,4.3,23.5
Real Companhia Velha,Séries Bastardo,2018,Great Value,4.3,27.99
Arno Smith,Kronkelpad Verdelho,2022,No Score,4.3,24.0
Gould Campbell,Vintage Port,2007,No Score,4.3,30.0
Boschendal,Vin d’Or Noble Late Harvest,2021,No Score,4.3,18.9
Idun,Renaissance,2019,Great Value,4.3,24.95
Domaine de Cassagnau,Les Galets Roules,2020,Amazing Value!,4.3,15.3
Celler Alimara,La Xíspa Selecció,2018,Great Value,4.3,29.99
Schola Sarmenti,Critèra Primitivo,2021,Great Value,4.3,18.3
Old Road Wine,Grand Mère Sémillon,2022,Great Value,4.3,23.98
Domaine de Rombeau,Elise Vieilles Vignes Côtes du Roussillon Villages,2022,Great Value,4.3,24.0
Piattelli,Grand Malbec,2022,Great Value,4.3,22.5
Piattelli,Trinita Grand Reserve,2021,Good Value,4.3,26.5
Mas de Lavail,Initiale Maury Sec,2022,Amazing Value!,4.3,18.75
Cave des Vins de Sancerre,Le Petit Broux Sancerre,2023,Great Value,4.3,24.95
Alfred Merkelbach - Geschw Albertz-Erben,Urglück Ürziger Würzgarten Riesling Auslese,2022,Great Value,4.3,28.63
Hey Diddle,Single Vineyard Shiraz,2023,Great Value,4.3,26.5
St. Petroni,Vermello Vermú,Unknown Year,No Score,4.3,26.5
La Fontaine Goby,Irancy,2022,Amazing Value!,4.3,27.5
Quinta da Silveira,Reserva Branco,2018,Great Value,4.3,24.0
Mirabeau,La Réserve,2020,Great Value,4.3,28.0
Château Picoron,Né de l'Eden Rouge,2017,Amazing Value!,4.3,21.0
Sauska,Cabernet Franc Siklós,2018,Great Value,4.3,25.36
Alpasión,Grand Cabernet Franc,2022,Great Value,4.3,28.93
Rapaura Springs,Rohe Dillons Point Sauvignon Blanc,2023,Great Value,4.3,21.82
Villadoria,Moscato d'Asti,2023,Amazing Value!,4.3,20.85
Quinta do Crasto,Crasto Superior Syrah,2022,Great Value,4.3,26.78
Rapaura Springs,Bull Paddock Sauvignon Blanc,2023,Great Value,4.3,21.82
Mas de Lavail,Initiale Maury Sec,2020,Amazing Value!,4.3,19.98
Aubert et Mathieu,Milo Minervois La Livinière,2021,Amazing Value!,4.3,22.06
Domaine Saint Hilaire,Le Baron Chardonnay,2023,Amazing Value!,4.3,20.5
Paul Cluver,Riesling Noble Late Harvest,2021,No Score,4.3,21.95
Lyrarakis,Liastos,2022,No Score,4.3,17.45
Barossa Valley Wine Company,Farms Shiraz,2020,Great Value,4.3,23.5
Dominio Basconcillos,Viña Magna Crianza,2022,Great Value,4.3,21.5
Jesus Madrazo,Num. IV,2020,Great Value,4.3,29.0
Vigneron Firmin Dezat,Sancerre Rosé,2022,Great Value,4.3,22.5
Dominio Basconcillos,Viña Magna Crianza,2021,Great Value,4.3,21.5
Caballo Loco,Grand Cru Sagrada Familia,2020,Good Value,4.3,29.99
Caballo Loco,Grand Cru Limarí,2020,Good Value,4.3,27.49
Croft,Quinta da Roeda Vintage Port,2004,Amazing Value!,4.3,28.95
Cà dei Maghi,Blend N°3,2018,Great Value,4.3,25.95
Fairview,La Beryl Blanc,2023,No Score,4.3,25.75
Revancha,La Gran Blend,2015,Good Value,4.3,29.99
La Rifra,Il Nito,2021,Great Value,4.2,25.33
San Salvatore,Vetere Limited Edition,2021,Great Value,4.2,28.5
Cantina della Volta,D. D. R.,2015,Amazing Value!,4.2,29.33
Niklas,Stoanodler Klaser Riserva,2020,Great Value,4.2,26.5
La Tunella,Col Matìss Sauvignon,2022,Great Value,4.2,27.17
Adamo,Zibibbo,2023,Great Value,4.2,14.5
Soraighe,La Mora della Valtramigna Valpolicella Ripasso Superiore,2020,Great Value,4.2,19.0
Giulio Cocchi,Dopo Teatro Cocchi Vermouth Amaro,Unknown Year,No Score,4.2,28.67
Gianni Doglia,Genio Superiore Barbera d'Asti,2021,Great Value,4.2,23.0
Elena Walch,Concerto Grosso Gewürztraminer,2023,Good Value,4.2,26.4
Fertuna,Etrusco Nero Vermouth,Unknown Year,No Score,4.2,28.67
Soraighe,Valpolicella Ripasso Superiore,2021,Great Value,4.2,17.0
Bera Vittorio e Figli,Sarvanét,2019,Great Value,4.2,23.83
Varvaglione,Paralupi Appassimento,2022,Great Value,4.2,17.5
C.H.Berres,Erdener Treppchen Riesling Auslese,2018,Great Value,4.2,27.33
De Grendel,Op die Berg Chardonnay,2023,Great Value,4.2,29.0
San Salvatore,Vetere Rosato,2023,Amazing Value!,4.2,25.33
Terlan (Terlano),Sauvignon Winkl,2023,Great Value,4.2,26.17
G. Milazzo,Terre della Baronia Rosso,2019,Good Value,4.2,28.83
Pratello,Nero per Sempre,2019,Great Value,4.2,26.33
Villa Matta,Amarone della Valpolicella,2021,Great Value,4.2,23.0
Taschlerhof,Kerner,2022,Great Value,4.2,28.18
Azienda Agricola Fabio Perrone,Moscato d'Asti,2023,Amazing Value!,4.2,17.0
Vigneti Repetto,Macerato Poliedro,2020,Great Value,4.2,24.0
Tenuta Scuotto,Oi nì,2021,Great Value,4.2,28.0
La Plantze,Torrette Superieur,2023,Good Value,4.2,29.83
Pietro Caciorgna,Alberaia Rosso di Toscana,2021,Great Value,4.2,25.33
Vietti,Moscato d'Asti,2023,Good Value,4.2,18.7
Cantine Benvenuto,Zibibbo,2023,Good Value,4.2,26.49
Merotto,Castè Millesimato Valdobbiadene Prosecco Superiore Extra Dry,2021,Great Value,4.2,26.5
Ferruccio Carlotto,Lagrein,2021,Great Value,4.2,25.33
Soligo,Solicum Rive di Soligo Millesimato Valdobbiadene Prosecco Superiore Extra Brut,2021,Amazing Value!,4.2,21.0
Progetto Vino,Ruota Libera Appassimento,2022,Good Value,4.2,21.67
Borgo Maragliano,Marajan Chardonnay,2019,Great Value,4.2,22.36
Il Falchetto,Bricco Paradiso Barbera d'Asti Superiore,2021,Great Value,4.2,24.67
Passo delle Tortore,Bacio delle Tortore Fiano di Avellino,2023,Great Value,4.2,21.33
Castello del Poggio,Moscato d'Asti,2023,Amazing Value!,4.2,17.0
Luca Attanasio,Dodecapolis Primitivo,2019,Good Value,4.2,28.0
Miali,Mater Primitivo,2015,Good Value,4.2,25.7
Guasti Clemente,Santa Teresa Moscato d'Asti,2023,Amazing Value!,4.2,17.0
Vigna Madre,Nobu 1830 Giannicola Di Carlo Montepulciano d'Abruzzo Riserva,2019,Good Value,4.2,18.83
Olivini,Notte a San Martino,2019,Great Value,4.2,26.33
Stella Giuseppe,Il Maestro Barbera d'Asti Superiore,2021,Great Value,4.2,27.17
Cerreto Piano,Florilegio Maremma Toscana Rosso,2021,Great Value,4.2,20.0
Gianni Doglia,Nizza Viti Vecchie,2020,Great Value,4.2,28.33
Bulgarini,Bruno Rosso,2020,Great Value,4.2,21.55
di Lenardo,Thanks Bianco,2023,Great Value,4.2,28.83
Tercic,Chardonnay,2016,Great Value,4.2,28.17
Tiefenbrunner,Turmhof Gewürztraminer,2022,Great Value,4.2,26.83
Pierpaolo Pecorari,Sauvignon Blanc,2022,Great Value,4.2,22.33
Mottura,Stilio Primitivo di Manduria,2022,Good Value,4.2,19.0
Le Terre Diverse,Bacio a Scannisi Greco di Tufo,2022,Great Value,4.2,28.17
Torrevento,Primitivo (Since 1913),2019,Better Value Elsewhere,4.2,25.5
Cesari,Jèma Corvina,2016,Great Value,4.2,28.17
La Tunella,Colbajè Pinot Grigio Ramato,2022,Great Value,4.2,26.88
Cipriani,Bellini Cipriani,Unknown Year,Amazing Value!,4.2,19.67
Terrecarsiche 1939,Fanova Primitivo,2021,Good Value,4.2,17.0
Cà dei Frati,Brolettino Lugana,2022,Great Value,4.2,24.33
Marion,Valpolicella Superiore,2020,Good Value,4.2,28.33
I Capitani,Emé,2020,Good Value,4.2,23.83
I Capitani,Faius,2021,Great Value,4.2,22.0
Colterenzio (Schreckbichl),Pfefferer Pink,2023,Amazing Value!,4.2,17.0
Guerrieri,Guerriero Nero,2022,Amazing Value!,4.2,17.67
S. Cristina,Lugana,2023,Great Value,4.2,19.5
Elena Walch,Vigna 'Castel Ringberg' Sauvignon,2022,Great Value,4.2,28.17
Olivini,Notte a San Martino,2019,Great Value,4.2,26.33
Colterenzio (Schreckbichl),Pfefferer,2023,Amazing Value!,4.2,17.0
Calliari Maria Rita,Solaris Venticinque Dieci,2023,Great Value,4.2,24.0
Cascina Gilli,Dedica Barbera d'Asti Superiore,2020,Great Value,4.2,22.0
Terrabianca,Vignot Moscato d'Asti,2023,Amazing Value!,4.2,17.0
Gatto Pierfrancesco,Caresana Ruché di Castagnole Monferrato,2023,Great Value,4.2,22.33
Barsento,Malicchia Mapicchia Primitivo Dolce,2021,Good Value,4.2,27.33
Roeno,Piwi Repanda Solaris,2023,Great Value,4.2,25.33
La Rifra,Il Foyer,2023,Amazing Value!,4.2,17.0
Cantina Diomede,Canace Nero di Troia,2022,Great Value,4.2,20.0
Ottella,CampoSireso,2019,Great Value,4.2,27.17
Cantina Diomede,Toppicello Nero di Troia,2018,Great Value,4.2,28.0
Himmelreich,Riesling Geieregg,2021,Great Value,4.2,27.83
Casa Martelletti,Vermouth Classico,Unknown Year,No Score,4.2,17.0
Azienda Santa Barbara - Stefano Antonucci,Il Maschio da Monte Rosso,2021,Great Value,4.2,26.18
Pacherhof,Kerner,2023,Great Value,4.2,30.0
Masso Antico,Negroamaro da Uve Leggermente Appassite,2022,Great Value,4.2,17.0
Progetto Vino,Ruota Libera Rosso,2022,Great Value,4.2,18.83
De Grendel,Shiraz,2020,Great Value,4.2,23.67
Andrian,Movado Gewürztraminer,2023,Great Value,4.2,21.33
Caruso & Minini,Cutaja Nero d'Avola,2018,Great Value,4.2,20.33
Le Chiantigiane,Loggia del Sole Governo All'Uso Toscana,2022,Amazing Value!,4.2,14.5
Franz Haas,Gewürztraminer,2023,Good Value,4.2,24.67
Ferruccio Sgubin,Petruss Sauvignon,2020,Great Value,4.2,27.67
Pierpaolo Pecorari,Sauvignon Blanc,2023,Great Value,4.2,22.33
I Vignaioli di S. Stefano,Moscato d'Asti,2023,Good Value,4.2,19.5
Unmaredivino,Nerosmeraldo Cannonau di Sardegna,2019,Good Value,4.2,29.57
Col Vetoraz,Valdobbiadene Millesimato,2023,Amazing Value!,4.2,20.33
J. Hofstätter,Joseph Gewürztraminer,2023,Great Value,4.2,21.33
Passo delle Tortore,Piano del Cardo Falanghina,2023,Great Value,4.2,21.95
Demarie,Sabbia,2022,Great Value,4.2,25.0
Cantina le Macchie,Scarpe Toste,2021,Amazing Value!,4.2,17.0
Rocche del Gatto,Senza Tempo Spigau,2011,Great Value,4.2,24.52
Weingut Gunderloch,Jean-Baptiste Riesling Kabinett,2022,Great Value,4.2,25.17
Podere Sette,L'Invidio Bolgheri Rosso,2022,Great Value,4.2,24.67
Saxenburg,Private Collection Chardonnay,2022,Great Value,4.2,29.5
Domaine Laguilhon,Jurançon,2021,Great Value,4.2,16.94
Seifried Estate,Winemaker's Collection Sweet Agnes Riesling,2021,No Score,4.2,17.84
Ontañón,Queirón Mi Lugar,2019,Good Value,4.2,24.98
VALENCISO,Rioja Reserva,2018,Good Value,4.2,23.44
San Marzano,F Negroamaro,2021,Great Value,4.2,26.6
Masca del Tacco,Lu Rappaio Primitivo di Manduria,2022,Good Value,4.2,16.79
Familia Torres,San Valentín Parellada,2023,Great Value,4.2,10.48
Emilio Moro,Ribera del Duero,2021,Good Value,4.2,25.84
Piattelli,Malbec Grand Reserve,2021,Good Value,4.2,23.55
Masca del Tacco,Piano Chiuso Riserva Primitivo di Manduria,2021,Good Value,4.2,29.95
Saronsberg,Seismic,2020,Good Value,4.2,17.42
Marchesi di Barolo,Peiragal Barbera d'Alba,2020,Good Value,4.2,29.95
Familia Torres,Fransola,2022,Great Value,4.2,24.95
Bellingham,The Bernard Series Bush Vine Pinotage,2021,Great Value,4.2,24.95
Vilafonté,Seriously Old Dirt,2021,Good Value,4.2,24.84
Château Canon Chaigneau,Lalande-de-Pomerol,2018,Great Value,4.2,28.95
Vergelegen,Reserve Shiraz,2020,Amazing Value!,4.2,20.55
Perez Cruz,Syrah Limited Edition,2021,Great Value,4.2,19.79
Château Doisy-Vedrines,Sauternes (Grand Cru Classé),2013,No Score,4.2,24.95
Alonso & Pedrajo,Suañé Rosado Reserva,2020,Good Value,4.2,29.95
Herència Altés,La Serra Blanc,2019,Great Value,4.2,26.95
Cristian Boffa,Barolo La Morra,2018,Great Value,4.2,30.0
Domaine Frantz Chagnoleau,La Roche Saint-Véran,2020,Great Value,4.2,29.94
Pelleriti Priore,Signature Malbec,2020,Great Value,4.2,19.99
Basket Range,Banksia Pinot Noir,2023,Great Value,4.2,26.99
Chêne Bleu,Astralabe,2018,Great Value,4.2,25.99
Fonseca,Quinta do Panascal Vintage Port,2008,Great Value,4.2,29.99
Domaine des Escaravailles,Argilla ad Argillam Rasteau,2021,Good Value,4.2,29.99
Domaine du Landreau,Côteaux du Layon,2016,Good Value,4.2,25.99
Domaine Comelade,L'Oursoulette Maury Grenat,2021,Great Value,4.2,21.99
Ukan,Senderos de UKAN,2020,Good Value,4.2,25.99
Domaine Delhome,LoEss Crozes-Hermitage,2022,Great Value,4.2,26.99
Schloss Lieser,Wehlener Sonnenuhr Riesling Spätlese,2016,Great Value,4.2,28.99
Flint Vineyard,Charmat Rosé,2023,Great Value,4.2,24.99
Fattorie Parri,Tenuta Il Monte Vin Santo del Chianti Montespertoli Riserva,2015,No Score,4.2,29.99
Weingut Max Ferd. Richter,Mülheimer Sonnenlay Riesling Auslese Trocken,2023,Great Value,4.2,28.99
Miguel Merino,Vitola Reserva,2018,Good Value,4.2,28.99
Larry Cherubino,Laissez Faire Pinot Noir,2022,Amazing Value!,4.2,22.99
Brunilde di Menzione,Brindisi Riserva,2019,Great Value,4.2,13.99
KWV,The Mentors Orchestra,2020,Great Value,4.2,19.85
Alpha Box & Dice,Blood of Jupiter,2021,Great Value,4.2,26.85
Familia Torres,Fransola,2021,Great Value,4.2,27.5
Schola Sarmenti,Nerìo Riserva  Negroamaro - Malvasia Nera,2019,Great Value,4.2,16.99
Silent Noise,MF Grenache,2022,Amazing Value!,4.2,19.25
Terres Fidèles,Organic Côtes du Roussillon Villages,2021,Amazing Value!,4.2,13.99
Hispano Suizas,Bobos Finca Casa la Borracha,2021,Good Value,4.2,28.99
Familia Torres,Salmos,2020,Good Value,4.2,26.99
Von Siebenthal,Carabantes Syrah,2021,Good Value,4.2,27.95
Merum Priorati,Inici,2021,Good Value,4.2,28.99
Château Fabre Gasparets,Boutenac,2020,Great Value,4.2,22.99
Domaine François et Julien Pinon,Silex Noir Vouvray,2019,Great Value,4.2,25.0
Salzl Seewinkelhof,Figaro,2021,Amazing Value!,4.2,19.99
Philippe Girard,Sancerre Silex,2023,Great Value,4.2,26.5
Post House,Stamp of Chenin,2022,Great Value,4.2,18.99
Groote Post,Seasalter Sauvignon Blanc - Sémillon,2023,Great Value,4.2,17.35
Haut-Marin,Venus Gros Manseng,2022,Amazing Value!,4.2,11.49
Domaine Font de Notre Dame,Gigondas,2021,Great Value,4.2,22.2
De Bortoli,Noble One Botrytis Sémillon,2020,No Score,4.2,20.75
Scacciadiavoli,Sagrantino di Montefalco,2018,Good Value,4.2,28.85
Undurraga,Terroir Hunter Carmenère (T.H.),2022,Good Value,4.2,22.2
Von Siebenthal,Carmenère Gran Reserva,2020,Good Value,4.2,22.49
Produttori Vini Manduria,Elegia Primitivo di Manduria Riserva,2020,Fair Value,4.2,23.99
Bressia,Profundo,2018,Good Value,4.2,28.25
El Coto,Coto de Imaz Rioja Gran Reserva,2017,Good Value,4.2,25.2
La Mascaronne,Provence Rosé,2023,Great Value,4.2,23.5
Mino & Co,A Growers Touch Botrytis Sémillon,2018,No Score,4.2,14.4
Painted Wolf,Guillermo Pinotage,2020,Great Value,4.2,17.99
Cave de Turckheim,Gewürztraminer Alsace Vendanges Tardives,2020,No Score,4.2,24.05
Domaine Feuillat-Juillot,Montagny 1er Cru 'Les Jardins',2023,Good Value,4.2,29.99
David Nieuwoudt,Ghost Corner The Bowline,2019,Great Value,4.2,28.5
Schola Sarmenti,Cubardi Primitivo,2020,Good Value,4.2,19.99
Turkey Flat,Pedro Ximénez,Unknown Year,No Score,4.2,23.99
Château Ramon,Monbazillac,2020,No Score,4.2,16.99
W. & J. Graham's,10 Year Old Tawny Port,Unknown Year,Amazing Value!,4.2,19.99
Angus Paul,On a Flight of Furious Fancies,2023,Good Value,4.2,27.95
Château Mille Roses,Haut-Médoc,2017,Amazing Value!,4.2,25.16
Ripalte,Rosso,2013,Great Value,4.2,25.16
Ziraldo,Riesling Icewine,2012,No Score,4.2,26.95
Château Mille Roses,Haut-Médoc,2018,Amazing Value!,4.2,28.43
Château d'Arche,A de Château d’Arche Bordeaux Blanc,2021,Great Value,4.2,21.45
Von Siebenthal,Parcela #7 Gran Reserva,2019,Great Value,4.2,23.49
Anthonij Rupert,Optima,2020,Good Value,4.2,23.35
Disznókó,Dorgó Vineyard Tokaji Édes Szamorodni,2018,No Score,4.2,26.49
Herdade do Sobroso,Reserva Tinto,2022,Good Value,4.2,19.5
Andreas,Syrah,2021,Good Value,4.2,25.0
Tinto Pesquera,Crianza,2021,Good Value,4.2,25.0
Ferrador,Treixadura - Torrontés,2022,Great Value,4.2,22.9
Kettmeir,Athesis Pinot Bianco,2021,Great Value,4.2,29.2
Ritterhof,Gratus Cabernet Sauvignon,2020,Great Value,4.2,28.6
Il Palazzo,Sal Terrae,2019,Great Value,4.2,23.3
Colombaio di Cencio,Monticello Chianti Classico,2022,Great Value,4.2,21.5
Farina,Recioto della Valpolicella Classico,2023,No Score,4.2,27.8
Il Palazzo,Sal Terrae,2020,Great Value,4.2,23.3
Garofoli,Grosso Agontano Riserva,2020,Great Value,4.2,26.8
Ritterhof,Goldmuskateller,2023,Great Value,4.2,21.1
Conti Thun,Gioia Riviera del Garda Classico Bianco,2021,Great Value,4.2,22.8
Muruasiccu,Rosso,2021,Good Value,4.2,29.6
Cantine Truentum,Malamore Montepulciano d'Abruzzo Riserva,2020,Great Value,4.2,20.3
Storm,Wild Air Sauvignon Blanc,2022,Great Value,4.2,26.85
Château Filhot,Sauternes (Grand Cru Classé),2016,No Score,4.2,23.5
Umani Ronchi,Maximo Marche Bianco,2021,No Score,4.2,28.0
Vigneron Firmin Dezat,Pouilly-Fumé,2023,Great Value,4.2,22.0
Cantina La-Vis,Ritratto Rosso,2016,Great Value,4.2,25.8
Cantine Truentum,Truentum Riva Sud,2021,Great Value,4.2,22.8
Cantina Gries,Lagrein Prestige Riserva,2021,Great Value,4.2,28.3
Zonin,Amarone della Valpolicella,2021,Good Value,4.2,29.7
Vallepicciola,Chianti Classico Riserva,2020,Great Value,4.2,27.7
Masottina,Vigneto Rizzardo Ai Pallazi Colli di Conegliano,2017,Great Value,4.2,27.8
Girlan,Flora Gewürztraminer,2022,Great Value,4.2,28.6
Diemersdal,Private Collection,2022,Good Value,4.2,27.6
Pietra Pura,Cotis Primitivo di Manduria,2019,Good Value,4.2,26.5
Li Veli,'Askos' Susumaniello,2022,Good Value,4.2,24.2
Barone di Serramarrocco,Quojane di Serramarrocco,2023,Great Value,4.2,21.5
Matteo Correggia,Marùn Barbera d'Alba Superiore,2021,Good Value,4.2,29.9
Serafini & Vidotto,Phigaia (After The Red),2021,Great Value,4.2,24.5
Casal Farneto,8 Otto Borghi,2021,Great Value,4.2,21.1
Casalforte,Amarone della Valpolicella,2019,Good Value,4.2,26.5
Bastianich,Vespa Bianco,2020,Great Value,4.2,29.7
Tenuta Romana,Integritas Cuvée Bianco,2023,Great Value,4.2,20.9
Belisario,Cambrugiano Verdicchio di Matelica Riserva,2020,Great Value,4.2,23.7
Lauriga,Soleil Blanc,2020,Great Value,4.2,25.3
Podere Prospero,Bolgheri,2021,Good Value,4.2,29.2
Cantine Truentum,Reomoro Colli Aprutini,2022,Amazing Value!,4.2,18.7
Barbanera,Gigino 80 Anniversario Bianco,2023,Great Value,4.2,21.5
Bosco del Merlo,Roggio dei Roveri Refosco del Peduncolo Riserva,2019,Great Value,4.2,22.8
Ottella,Molceo Lugana Riserva,2021,Great Value,4.2,26.9
Familia Schroeder,Saurus Barrel Fermented Malbec,2021,Good Value,4.2,29.9
Masseria Borgo dei Trulli,Liala Negroamaro,2022,Great Value,4.2,26.5
Cà dei Frati,Ronchedone Rosso,2021,Great Value,4.2,24.9
Maxale,Appassimento Primitivo,2022,Good Value,4.2,17.0
Mara,Maramia Sangiovese,2019,Great Value,4.2,27.8
Barbanera,Collezione Famiglia Vecciano Toscana,2021,Great Value,4.2,22.0
Antinori,Castello della Sala San Giovanni della Sala Classico Superiore,2023,Great Value,4.2,23.3
The Prisoner,Saldo Red Blend,2021,Amazing Value!,4.2,26.9
De Stefani,Rive di Refrontolo Valdobbiadene Prosecco Superiore Millesimato Extra Brut,2022,Amazing Value!,4.2,22.1
Nunzio Ghiraldi,Sant'Onorata '1953' Lugana,2020,Great Value,4.2,25.9
Conti Thun,Contessa Lene Sauvignon Blanc,2022,Great Value,4.2,29.6
Batasiolo,Bosc D'la Rei Moscato d'Asti,2023,Amazing Value!,4.2,15.9
Nativ,Suadens Campania Bianco,2022,Great Value,4.2,21.7
Maccone,Primitivo,2022,Fair Value,4.2,23.0
Leza García,Gran Reserva,2016,Good Value,4.2,27.5
Tagaro,Mancinello Nero di Troia,2021,Great Value,4.2,19.2
Biserno,Campo di Sasso Insoglio del Cinghiale,2023,Great Value,4.2,27.8
Salsedine,Primitivo,2022,Good Value,4.2,17.9
Leone de Castris,Villa Santera Primitivo di Manduria,2022,No Score,4.2,25.0
Diemersdal,Pinotage Reserve,2022,Good Value,4.2,29.4
Monte Zovo,Valpolicella Ripasso Superiore,2021,Great Value,4.2,24.7
Cantine due Palme,Selvarossa Riserva,2020,Good Value,4.2,22.1
Colombaio di Cencio,Massi del Colombaio Chianti Classico Riserva,2019,Great Value,4.2,26.4
Casa Marin,Cipreses Vineyard Sauvignon Blanc,2022,Great Value,4.2,24.38
Emiliana,Coyam,2020,No Score,4.2,24.68
Mora & Memo,Tino Vermentino di Sardegna,2022,Great Value,4.2,21.03
Ferreira,Dona Antonia 10 Años White Port,Unknown Year,No Score,4.2,20.14
Pazo de Rubianes,Albariño,2022,Good Value,4.2,26.34
Proprieta Sperino,Uvaggio,2019,Great Value,4.2,26.98
Marqués de Riscal,Rioja Reserva,2019,Great Value,4.2,21.81
Two Paddocks,Riesling,2021,Good Value,4.2,26.41
Teatro Latino,IL Covo,2021,Great Value,4.2,18.89
Bodegas Marqués de Cáceres,Gran Reserva Vendimia Seleccionada,2015,Good Value,4.2,25.23
La Rioja Alta,Viña Alberdi Reserva,2019,Good Value,4.2,23.75
Emilio Moro,Ribera del Duero,2020,Good Value,4.2,28.16
Weinrieder,Grüner Veltliner Ried Schneiderberg,2022,Amazing Value!,4.2,19.23
Rijk's,Private Cellar Chenin Blanc,2023,Great Value,4.2,20.91
Herdade Monte Da Cal,Vinha de Saturno Arinto - Antão Vaz,2018,Good Value,4.2,26.23
Guelbenzu,Lombana,2009,Good Value,4.2,20.95
Domaine Jérémy Arnaud,Bourgogne Tonnerre 'Les Huées',2021,Great Value,4.2,26.99
Domaine Jérémy Arnaud,Bourgogne Tonnerre 'Les Huées',2022,Great Value,4.2,27.0
Château La Tour Blanche,Sauternes (Premier Grand Cru Classé),1996,No Score,4.2,24.99
Rupert & Rothschild,Classique,2020,Great Value,4.2,20.0
Tenuta Ulisse,Amaranta Montepulciano d'Abruzzo,2020,Great Value,4.2,21.99
Marqués de Murrieta,Reserva Rioja (Finca Ygay),2019,Good Value,4.2,24.95
Château Fonplégade,Fleur de Fonplégade Saint-Emilion,2019,Great Value,4.2,29.5
Domaines Ott,Clos Mireille Rosé (Coeur de Grain),2021,Good Value,4.2,30.0
Cartuxa,Évora Colheita Branco,2019,Good Value,4.2,25.75
Figuero,Viñas Viejas,2017,Good Value,4.2,30.0
Domaine du Pech,Le Pech Abusé Vendanges Manuelles,2016,Amazing Value!,4.2,27.8
Vinessens - Casa Balaguer,Salicornio Malvasía,2022,Great Value,4.2,18.95
Ovum,Big Salt Orange Rosé,2023,No Score,4.2,26.6
Le Roc des Anges,Segna de Cor,2022,Great Value,4.2,23.62
Clos Pons,Pla del Tet,2020,Good Value,4.2,27.0
PolOpuesto,El Otro Lado,2021,Good Value,4.2,27.6
Martin & Anna Arndorfer,Schlehe,2023,Amazing Value!,4.2,19.85
Partida Creus,GT (Garrut),2021,Good Value,4.2,29.8
Gentle Folk Wine,Vin de Sofa,2022,Great Value,4.2,25.8
Alheit Vineyards,Hereafter Here Chenin Blanc,2022,Good Value,4.2,26.99
Simonsig,Redhill Pinotage,2020,Great Value,4.2,24.98
Tokara,Director's Reserve White,2016,Good Value,4.2,30.0
Coroncino,Gaiospino,2020,Good Value,4.2,30.0
Petit Vega,18 Meses,2020,Good Value,4.2,25.0
Osmote,This is Red Pet-Nat,2022,No Score,4.2,26.0
Val delle Rose,Poggio al Leone Morellino di Scansano Riserva,2019,Great Value,4.2,23.0
Marjan Simčič,Teodor Bianco,2021,No Score,4.2,30.0
Cloudy Bay,Sauvignon Blanc,2023,Good Value,4.2,27.0
Andreas,Syrah,2018,Great Value,4.2,23.5
Dahu,Blanc,2017,No Score,4.2,25.0
Alpha Domus,Noble Selection,2015,No Score,4.2,24.99
The First XI Infinity Wines,The Partnership,2019,Good Value,4.2,30.0
The First XI Infinity Wines,The Belter,2020,Good Value,4.2,25.0
Cape of Good Hope,Altima Sauvignon Blanc,2023,Great Value,4.2,15.5
Gedeelte Wines,Authentic 23,2021,Good Value,4.2,29.0
Edgebaston,David Finlayson Camino Africana Chenin Blanc Old Vine,2019,Good Value,4.2,30.0
Château Roubine,Amistà Edmond de Rothschild Heritage Cru Classe Rosé,2022,Great Value,4.2,30.0
Bloemendal,Suider Terras,2017,Good Value,4.2,30.0
Vincent Paris,Granit 30 Cornas,2021,Great Value,4.2,30.0
Bosman Family Vineyards,Optenhorst Chenin Blanc,2022,Great Value,4.2,23.0
Vina Robles,Estate Cabernet Sauvignon,2020,Great Value,4.2,30.0
Penfolds,Father Grand Tawny (10 Year Old),Unknown Year,No Score,4.2,28.95
David & Nadia,Aristargos,2020,No Score,4.2,29.95
Catena Alta,Cabernet Sauvignon,2018,Good Value,4.2,28.95
Tenuta Scuotto,Oi nì,2020,Great Value,4.2,27.95
Selladore,En Provence Rosé,2023,Great Value,4.2,20.95
Terre degli Svevi,Serpara Aglianico del Vulture,2016,Great Value,4.2,27.95
Luigi Bosca,De Sangre Malbec,2022,Great Value,4.2,19.95
MaÏa,Côtes de Provence Rosé,2023,Great Value,4.2,19.95
Silent Noise,Cloudy But Fine Chardonnay,2022,Amazing Value!,4.2,22.95
Tenuta Scuotto,Taurasi,2017,Good Value,4.2,28.95
Falasco Wines,Hermandad Red Blend,2021,Fair Value,4.2,25.95
Rupert & Rothschild,Baroness Nadine,2022,Good Value,4.2,27.95
Horgelus,Colombard - Sauvignon Côtes de Gascogne,2022,Great Value,4.2,13.95
Anysbos,Grenache Noir,2018,Good Value,4.2,26.0
Gedeelte Wines,Gedeelte 6 Sauvignon Blanc,2019,Amazing Value!,4.2,22.0
Gedeelte Wines,Gedeelte 6 Sauvignon Blanc,2022,Great Value,4.2,29.0
Cape of Good Hope,Altima Sauvignon Blanc,2022,Great Value,4.2,15.5
Gedeelte Wines,Authentic 23,2020,Good Value,4.2,28.0
Gedeelte Wines,Gedeelte 23 Palomino,2021,No Score,4.2,29.0
Carinus,Rooidraai,2022,Good Value,4.2,27.0
Domaine Les Pallières,Gigondas Terrasse du Diable,2020,Great Value,4.2,26.0
Castello di Potentino,Jaspidem Rosato di Sangiovese,2019,Amazing Value!,4.2,17.5
Château d'Esclans,Rosé,2020,Great Value,4.2,29.0
Waterkloof,Boreas,2020,Good Value,4.2,30.0
Naia,Naiades,2019,Great Value,4.2,27.0
Raats,Red Jasper,2020,Good Value,4.2,25.49
Avondale,Samsara Syrah,2016,Good Value,4.2,27.95
Luigi Bosca,De Sangre,2021,No Score,4.2,26.95
Bodegas Olarra,Cerro Añon Rioja Gran Reserva,2018,Great Value,4.2,21.95
Sigurd,White Blend,2021,No Score,4.2,27.95
Lothian Vineyards,Vineyard Selection Pinot Noir,2020,Great Value,4.2,29.95
Pulenta Estate,Malbec (I),2022,Great Value,4.2,24.95
Mira do Ó,Druida Encruzado Reserva,2021,Good Value,4.2,29.95
Château Ramon,Monbazillac,2021,Great Value,4.2,17.95
Von Siebenthal,Carmenère Gran Reserva,2019,Great Value,4.2,22.95
Quinta do Noval,Cedro do Noval,2022,Great Value,4.2,19.95
Sandeman,Royal Ambrosante Pedro Ximénez Aged 20 Years Old,Unknown Year,No Score,4.2,24.95
Amoterra,Trebbiano d'Abruzzo Biologico,2023,Amazing Value!,4.2,12.99
Chartham,Rosé de Noir Brut,2020,Great Value,4.2,30.0
Domaine du Landreau,La Coulée Coteaux du Layon,2018,Great Value,4.2,22.2
Jean Pabiot,Kiméride Pouilly-Fumé,2020,Great Value,4.2,24.0
Benguela Cove,Noble Late Harvest,2020,No Score,4.2,10.99
Groot Constantia,Shiraz,2018,Great Value,4.2,23.5
Château Court-Les-Mûts,Cuvée Annabelle Blanc Sec,2020,Amazing Value!,4.2,18.5
Lanzerac,Bergpad,2023,No Score,4.2,22.99
Hanewald-Schwerdt,Dürkheim Weissburgunder,2021,Great Value,4.2,14.99
Bruce Jack,Heritage Collection Boer Maak'n Plan Chenin Blanc,2022,Great Value,4.2,23.0
Seifried Estate,Winemaker's Collection Sweet Agnes Riesling,2019,No Score,4.2,18.6
Sonberk,Pálava,2020,No Score,4.2,29.9
Mickael Bourg,Saint-Peray,2018,Amazing Value!,4.2,12.6
Solomnishvili Winery,#22 Saperavi,2018,No Score,4.2,27.95
Mansalto,Castello Rapale,2018,Good Value,4.2,30.0
Andreas,Syrah,2019,Great Value,4.2,24.99
'L Lac,Bianco,2023,Great Value,4.2,24.0
De Grendel,Op die Berg Syrah,2019,Good Value,4.2,25.95
Alto Wine Estate,Cabernet Sauvignon,2018,Great Value,4.2,21.95
Barbadillo,Atamán Vermut,Unknown Year,No Score,4.2,22.9
Barbadillo,Atamán Vermut,Unknown Year,No Score,4.2,22.9
Domaine du Petit Val,Bonnezeaux,2020,Good Value,4.2,23.5
Villa Sandi,Sauvignon Tardo,2022,Great Value,4.2,18.75
Gasper Wines,Selekuja Rebula,2019,No Score,4.2,29.0
M'Hudi,Barrel Fermented Chenin Blanc,2021,Great Value,4.2,22.95
Branko,Capo,2017,Great Value,4.2,23.9
Guerrini,Il Terziere,2013,Great Value,4.2,27.9
Martinez Alesanco,Nada Que Ver Maturana Tinta,2019,Good Value,4.2,27.0
Vigné-Lourac,L'Ame Rouge,2019,Great Value,4.2,19.5
Jean-Max Roger,Le Charnay Cuvée Menetou-Salon Blanc,2020,Great Value,4.2,24.95
André van Rensburg,Cabernet Sauvignon - Merlot,2021,Good Value,4.2,27.95
Château Laulerie,Juste Ciel,2020,Amazing Value!,4.2,16.8
De Grendel,Koetshuis Sauvignon Blanc,2023,Amazing Value!,4.2,17.95
Lourens Family,Lindi Carien White Blend,2022,No Score,4.2,29.5
BLANKbottle,Moment of Silence,2022,No Score,4.2,22.99
Domaine Corty,Jurançon,2019,Amazing Value!,4.2,17.99
Masut Da Rive,Maurus Chardonnay,2020,Great Value,4.2,26.9
RUMOR,Rosé,2022,Great Value,4.2,16.99
Chiorri,Selezione Antonio Chiorri Rosso,2018,Great Value,4.2,21.95
Luddite,Saboteur,2017,Good Value,4.2,29.9
Sesti,Monteleccio,2021,Amazing Value!,4.2,18.9
Château Sigalas Rabaud,Sauternes (Premier Grand Cru Classé),2002,No Score,4.2,21.0
Bocale,Montefalco Sagrantino,2019,Good Value,4.2,29.5
Pierpaolo Pecorari,Sauvignon Blanc,2021,Great Value,4.2,19.9
Arca Yaco,Imagínate El Vino,2019,Good Value,4.2,24.2
Martinez Alesanco,Selección,2016,Good Value,4.2,23.4
Cantina La-Vis,Maso Franch,2017,Great Value,4.2,27.95
Suavia,Le Rive,2012,Great Value,4.2,29.0
Bremerton,Selkirk Shiraz,2020,Great Value,4.2,18.5
Girlan,Flora Gewürztraminer,2019,Great Value,4.2,26.9
Krohn,Quinta do Retiro Novo Vintage Port,2004,Great Value,4.2,27.0
Château Doisy-Daëne,Barsac (Grand Cru Classé),2018,No Score,4.2,30.0
Dama del Rovere,Bortolo Vigne Vecchie Soave Classico,2017,Amazing Value!,4.2,19.75
Winbirri Vineyards,Vintage Reserve,2016,Great Value,4.2,30.0
Bruce Jack,Heritage Collection Home Truth Cabernet Sauvignon,2013,Great Value,4.2,23.0
Weingut am Kaiserbaum,Lerchenspiel Rieslaner Auslese,2017,No Score,4.2,19.5
San Salvatore,Jungano Aglianico Paestum,2020,Great Value,4.2,26.5
Clos de Gat,Har'El Cabernet Sauvignon,2019,No Score,4.2,20.1
Clos de Gat,Har'El Syrah,2022,Great Value,4.2,24.0
Château Doisy-Daëne,Barsac (Grand Cru Classé),2009,No Score,4.2,27.0
Ventisquero,Vertice,2021,No Score,4.2,27.9
Jean Pabiot,Pouilly-Fumé Domaine des Fines Caillottes,2023,Great Value,4.2,19.8
Bernard Defaix,Chablis 1er Cru 'Côte de Lechet',2022,Great Value,4.2,30.0
De Bortoli,Noble One Botrytis Sémillon,2018,No Score,4.2,21.0
Weingut Vollenweider,Wolfer Goldgrube Riesling Spätlese,2020,Great Value,4.2,25.95
J.M. Boillot,Mâcon-Cruzille,2022,Great Value,4.2,27.35
Louis Tête,La Bonne Dame Fleurie,2022,Amazing Value!,4.2,19.95
Undurraga,Terroir Hunter Cauquenes Cabernet Sauvignon (T.H.),2020,Great Value,4.2,21.28
Ixsir,Grande Reserve White,2022,Great Value,4.2,25.42
Diel,Pittermannchen Riesling Kabinett,2019,Great Value,4.2,25.25
Diel,Pittermannchen Riesling Kabinett,2021,Great Value,4.2,25.58
Della Vite,Valdobbiadene Prosecco Superiore,Unknown Year,Amazing Value!,4.2,24.5
Perez Cruz,Petit Verdot Chaski,2020,No Score,4.2,27.17
Château de l'Ou,Compartir,2019,Great Value,4.2,29.5
Domaine Gayrard,Loin de l'Oeil,2022,Great Value,4.2,20.81
Château Suduiraut,Castelnau de Suduiraut Sauternes,2015,No Score,4.2,18.0
Perez Cruz,Carmenère Limited Edition,2022,Great Value,4.2,19.95
ArmAs,Karmrahyut Reserve,2015,No Score,4.2,28.09
Château Villefranche,Sauternes,2022,No Score,4.2,14.2
Dominio do Bibei,Lapola,2021,Great Value,4.2,29.95
Sandeman,Quinta do Seixo Vintage Port,2013,Great Value,4.2,23.5
Franz Haas,Manna Schweizer,2018,Great Value,4.2,21.3
Ramón Bilbao,Gran Reserva Rioja (Tempranillo),2015,Good Value,4.2,23.95
La Giuva,Il Rientro,2019,Good Value,4.2,29.76
Feudi di Guagnano,Nero di Velluto Negroamaro,2014,Great Value,4.2,15.95
Odfjell,Aliara,2014,No Score,4.2,23.36
Matteo Correggia,La Val dei Preti Riserva,2020,Great Value,4.2,29.29
Lan,Gran Reserva Rioja,2016,Good Value,4.2,27.5
Verum,María Victoria,2017,Good Value,4.2,24.45
Bodega Garzón,Single Vineyard Tannat,2020,No Score,4.2,29.99
Mount Horrocks,Cordon Cut,2022,No Score,4.2,28.0
Soito,Encruzado Branco,2023,Great Value,4.2,20.95
Casa da Passarella,O Oenólogo Encruzado,2021,Good Value,4.2,29.5
Lan,Viña Lanciano Reserva,2017,Good Value,4.2,28.55
Maximin Grünhaus,Maximin Grünhäuser Abtsberg Riesling Kabinett,2020,Great Value,4.2,24.8
Mar de Frades,Finca Valiñas,2015,Good Value,4.2,27.4
Elena Walch,Lagrein Riserva Vigna Castel Ringberg,2015,Great Value,4.2,25.69
Pietro Caciorgna,Guardoilvento Etna,2022,Good Value,4.2,24.75
Domaine des Anges,Chablis,2022,Great Value,4.2,27.55
Pietro Caciorgna,Guardoilvento Etna,2022,Good Value,4.2,24.75
Cà dei Frati,Rosa dei Frati Riviera del Garda Classico Rosé,2022,Amazing Value!,4.2,21.5
Negro Angelo,Birbèt Mosto d'Uva Parzialmente Fermentato,2023,No Score,4.2,14.85
Séptima,Gran Reserva,2016,Amazing Value!,4.2,19.21
Perez Cruz,Cot Limited Edition,2021,Great Value,4.2,19.95
Ferreira,Dona Antonia 10 Años Old Tawny Porto,Unknown Year,Great Value,4.2,25.8
Casa Ferreirinha,Callabriga Douro,2021,Good Value,4.2,22.75
Bonterra,The Roost Blue Heron Vineyards Chardonnay,2022,Great Value,4.2,28.99
Volpaia,Castello di Volpaia Chianti Classico Riserva,2018,Great Value,4.2,25.0
Rapaura Springs,Reserve Marlborough Sauvignon Blanc,2023,Good Value,4.2,16.95
Gouffier,Cuvée Aquaviva Bourgogne Aligoté,2021,Great Value,4.2,28.55
Belguardo,Tenuta Belguardo,2016,Great Value,4.2,28.12
Le Regge,Chianti Classico,2018,Great Value,4.2,23.5
Jaro,Jaros,2019,Good Value,4.2,22.42
Colinas de São Lourenço,Calcario3 do Principal,2012,Great Value,4.2,23.99
Lua Cheia - Saven,Maria Bonita Nostalgia Alvarinho,2022,Great Value,4.2,14.18
Péter Pince,Tokaji Szamorodni,2019,Amazing Value!,4.2,14.99
Herdade da Calada,Caladessa Syrah,2021,Amazing Value!,4.2,16.28
Perica,Olagosa Reserva,2012,Great Value,4.2,19.0
Vondeling Wines,Barrel Selection Chardonnay,2022,Great Value,4.2,18.0
Natte Valleij,Axle Chenin Blanc,2022,Great Value,4.2,27.0
Thorne & Daughters,Rocking Horse Cape White,2021,No Score,4.2,25.25
Attis,Sangarida La Yegua Godello - Doña Blanca,2020,Great Value,4.2,29.5
Miles Mossop Wines,Kika,2020,No Score,4.2,22.25
Paserene,Midnight,2019,Good Value,4.2,26.5
Vondeling Wines,Barrel Selection Chardonnay,2022,Great Value,4.2,18.0
Quinta da Pellada,Quinta de Saes Reserva Estágio Prolongado,2017,Great Value,4.2,26.75
Baglio Gibellina,U...Passimiento Rosse,2022,Great Value,4.2,14.5
St. Petroni,Branco Vermú,Unknown Year,No Score,4.2,25.25
Markovitis,Alkemi,2023,No Score,4.2,23.5
AltoLandon,Dulce Enero Ice Wine,2022,No Score,4.2,24.25
Iona,Solace,2020,Good Value,4.2,29.5
Can Axartell,Rosado,2023,Great Value,4.2,21.0
Quinta de la Quietud,In Quietud by Nature,2020,Good Value,4.2,23.25
Rulei,Viña Barracallo Chenin Blanc Fermented In Barrel,2020,Great Value,4.2,27.5
Quinta da Pedra,Milagres Alvarinho,2019,Great Value,4.2,22.4
2800,Rosé,2022,Great Value,4.2,14.1
Weingut R&A Pfaffl,Austrian Pepper Grüner Veltliner,2023,Amazing Value!,4.2,13.4
Tokara,Cabernet Sauvignon Reserve Collection,2020,Good Value,4.2,28.99
Arnegui,Gran Reserva,2013,Good Value,4.2,24.98
Bizoe,Genant SGM,2020,Great Value,4.2,24.95
Jean Becker,Gewürztraminer Alsace Grand Cru 'Sonnenglanz',2017,Great Value,4.2,29.95
Domaine du Grand Tinel,Châteauneuf-du-Pape,2021,No Score,4.2,17.95
Domaine Bousquet,Ameri Eva Estate Organic Red Blend,2019,Good Value,4.2,30.0
Montauto,Enos I,2020,Good Value,4.2,27.95
Domaine Jean-Pierre Sève,Sélection Vieilles Vignes Pouilly-Fuissé,2022,Good Value,4.2,30.0
Bethany,First Village Shiraz,2019,Great Value,4.2,19.95
Château des Roques,Vertige des Gouttes Vacqueyras,2016,Good Value,4.2,30.0
Quinta da Silveira,Reserva Ruby Porto,Unknown Year,Great Value,4.2,21.95
I Buongiorno,Fiano,2023,Great Value,4.2,15.75
Château Villefranche,Sauternes,2020,Good Value,4.2,25.25
Vondeling Wines,Barrel Selection Cabernet Sauvignon,2019,Great Value,4.2,18.0
Vondeling Wines,Sweet Carolyn,2022,No Score,4.2,23.5
Can Axartell,Corum,2022,Great Value,4.2,28.5
Della Vite,Prosecco Rosé Millesimato,2022,Amazing Value!,4.2,28.49
Alpasión,Grand Malbec,2021,Good Value,4.2,28.09
Benguela Cove,Joie de Vivre Brut,2019,Good Value,4.2,28.99
El Esteco,Fincas Notables Cabernet Franc,2020,Good Value,4.2,23.27
Dom Brial,Dom Ici Macabeu,2023,Amazing Value!,4.2,11.99
Ômina Romana,Chardonnay,2021,Good Value,4.2,27.01
Craggy Range,Sauvignon Blanc Te Muna Road Vineyard,2022,Great Value,4.2,20.75
Château l'Hospitalet,Grand Vin La Clape Blanc,2019,Amazing Value!,4.2,28.68
Olifantsberg,Soul Of The Mountain The Matriarch,2019,No Score,4.2,27.93
Rojomoma,Wild Scarlet Shiraz - Cabernet,2018,Great Value,4.2,22.53
Gérard Millet,Sancerre Rouge,2023,Great Value,4.2,27.29
Olifantsberg,Soul Of The Mountain The Matriarch,2020,No Score,4.2,27.93
Casa Valduga,Terroir Exclusivo Tannat,2020,No Score,4.2,27.86
Ruggeri,Giustino B. Valdobbiadene Prosecco Superiore,2022,Amazing Value!,4.2,28.19
Rapaura Springs,Bouldevines Vineyard Chardonnay,2020,Great Value,4.2,27.7
Rapaura Springs,Rohe Blind River Sauvignon Blanc,2022,Good Value,4.2,25.81
Monte Zovo,Terralbe Le Civaie,2023,Great Value,4.2,21.48
Accordini,Valpolicella Ripasso Classico Superiore,2019,Good Value,4.2,21.2
Piattelli,Malbec Grand Reserve,2022,Great Value,4.2,25.58
Viñátigo,Ensamblaje Blanco,2022,Great Value,4.2,16.73
Quinta do Crasto,Crasto Superior Syrah,2021,Good Value,4.2,26.78
Craggy Range,Sauvignon Blanc Te Muna Road Vineyard,2023,Great Value,4.2,20.75
Château Garraud,Lalande-de-Pomerol,2017,Great Value,4.2,23.8
Charpentier Fleurance,Clos du Pâtis d'Enfer Muscadet-Sevre et Maine,2022,Amazing Value!,4.2,18.25
Serge Laporte,Sancerre 'Chavignol',2022,Great Value,4.2,22.2
Los Aguilares,Pago El Espino,2021,Good Value,4.2,23.5
Kaapzicht,Rooiland Pinotage,2021,Great Value,4.2,21.0
Journey's End,Destination Chardonnay,2022,Great Value,4.2,24.5
Jesus Madrazo,Num. IV,2019,Good Value,4.2,29.0
Khareba,Kindzmarauli (ქინძმარაული) Semi-Sweet Red,2021,Amazing Value!,4.2,15.4
Martin Pomfy - Mavín,Selection  Cabernet Sauvignon,2019,No Score,4.2,26.5
Niepoort,Douro Redoma Branco,2021,Good Value,4.2,25.0
Triana,Tinto,2016,Good Value,4.2,24.0
The Perfect Cut,Sauvignon Blanc,2023,Great Value,4.2,12.95
Domaine de la Cendrillon,La Coume,2019,Great Value,4.2,24.95
Clos du Soleil,Signature,2012,No Score,4.2,21.99
Villa Maria,Clifford Bay Reserve Sauvignon Blanc,2023,Good Value,4.2,17.99
Familia Torres,San Valentín Parellada,2022,Amazing Value!,4.2,14.99
Pulenta Estate,Cabernet Sauvignon (III),2020,Good Value,4.2,22.99
Comte Lafond,Sancerre Rosé,2020,Great Value,4.2,28.99
Tenimenti Ca'Bianca,Barolo,2018,Great Value,4.2,29.99
Pulenta Estate,Chardonnay (VIII),2023,Good Value,4.2,18.99
Li Veli,Orion Primitivo,2022,Great Value,4.2,15.49
Viu Manent,Loma Blanca Single Vineyard Carménère,2019,Good Value,4.2,23.99
Cloudy Bay,Sauvignon Blanc,2022,Great Value,4.2,28.99
Victor Berard,Châteauneuf-du-Pape,2022,Good Value,4.2,27.99
Li Veli,'Askos' Susumaniello,2021,Great Value,4.2,19.99
Imperial,Rioja Reserva,2019,Good Value,4.2,26.99
Esporão,Esporão Reserva Tinto,2021,Great Value,4.2,18.99
Vuurberg,White,2021,No Score,4.2,22.29
Godeval,Cepas Vellas Godello,2022,Great Value,4.2,28.5
VALENCISO,Fermentado En Barrica Tempranillo Blanco,2022,Great Value,4.2,27.25
Merum Priorati,Inici,2020,Good Value,4.2,27.75
Cà dei Maghi,Camparsi Bianco,2023,Great Value,4.2,19.95
César Márquez,La Salvación Godello,2022,Great Value,4.2,29.5
Clos de Lôm,Isidra,2020,Good Value,4.2,24.5
Teleda - Orgo,Saperavi,2022,No Score,4.2,21.5
Pikes,The Merle Riesling,2022,Amazing Value!,4.2,29.95
Cà dei Maghi,Valpolicella Ripasso Classico Superiore,2019,Good Value,4.2,28.95
Domaine de Grange Neuve,Monbazillac,2019,No Score,4.2,12.69
Soalheiro,Primeiras Vinhas Alvarinho,2022,Good Value,4.2,27.95
Patricius,Katinka Noble Late Harvest,2021,No Score,4.2,22.95
Robertson Winery,Constitution Road Chardonnay,2023,Amazing Value!,4.2,19.95
Château Lamothe-Bouscaut,Pessac-Léognan,2019,Great Value,4.2,29.95
Perez Cruz,Carmenère Limited Edition,2021,Great Value,4.2,21.5
Maçanita,Reserva,2020,Good Value,4.2,27.5
Catena Alta,Chardonnay,2020,Good Value,4.2,26.95
Pago de Los Capellanes,O Luar do Sil Valdeorras Godello Sobre Lias,2023,Great Value,4.2,25.45
Domaine Hippolyte Reverdy,Sancerre,2023,Great Value,4.2,22.95
Lush Blush,Côtes de Provence Rosé,2022,Great Value,4.2,29.99
